month,new_trials,total_enrollment,cumulative_trials,rolling_6m,rolling_12m
1980-12-01,1,295.0,1,1.0,1.0
1981-01-01,0,0.0,1,0.5,0.5
1981-02-01,0,0.0,1,0.3333333333333333,0.3333333333333333
1981-03-01,0,0.0,1,0.25,0.25
1981-04-01,0,0.0,1,0.2,0.2
1981-05-01,0,0.0,1,0.16666666666666666,0.16666666666666666
1981-06-01,0,0.0,1,0.0,0.14285714285714285
1981-07-01,0,0.0,1,0.0,0.125
1981-08-01,0,0.0,1,0.0,0.1111111111111111
1981-09-01,0,0.0,1,0.0,0.1
1981-10-01,0,0.0,1,0.0,0.09090909090909091
1981-11-01,0,0.0,1,0.0,0.08333333333333333
1981-12-01,0,0.0,1,0.0,0.0
1982-01-01,0,0.0,1,0.0,0.0
1982-02-01,0,0.0,1,0.0,0.0
1982-03-01,0,0.0,1,0.0,0.0
1982-04-01,0,0.0,1,0.0,0.0
1982-05-01,0,0.0,1,0.0,0.0
1982-06-01,0,0.0,1,0.0,0.0
1982-07-01,0,0.0,1,0.0,0.0
1982-08-01,0,0.0,1,0.0,0.0
1982-09-01,0,0.0,1,0.0,0.0
1982-10-01,0,0.0,1,0.0,0.0
1982-11-01,0,0.0,1,0.0,0.0
1982-12-01,0,0.0,1,0.0,0.0
1983-01-01,0,0.0,1,0.0,0.0
1983-02-01,0,0.0,1,0.0,0.0
1983-03-01,0,0.0,1,0.0,0.0
1983-04-01,0,0.0,1,0.0,0.0
1983-05-01,0,0.0,1,0.0,0.0
1983-06-01,0,0.0,1,0.0,0.0
1983-07-01,0,0.0,1,0.0,0.0
1983-08-01,0,0.0,1,0.0,0.0
1983-09-01,0,0.0,1,0.0,0.0
1983-10-01,0,0.0,1,0.0,0.0
1983-11-01,0,0.0,1,0.0,0.0
1983-12-01,0,0.0,1,0.0,0.0
1984-01-01,0,0.0,1,0.0,0.0
1984-02-01,0,0.0,1,0.0,0.0
1984-03-01,0,0.0,1,0.0,0.0
1984-04-01,0,0.0,1,0.0,0.0
1984-05-01,0,0.0,1,0.0,0.0
1984-06-01,0,0.0,1,0.0,0.0
1984-07-01,0,0.0,1,0.0,0.0
1984-08-01,0,0.0,1,0.0,0.0
1984-09-01,0,0.0,1,0.0,0.0
1984-10-01,0,0.0,1,0.0,0.0
1984-11-01,0,0.0,1,0.0,0.0
1984-12-01,0,0.0,1,0.0,0.0
1985-01-01,0,0.0,1,0.0,0.0
1985-02-01,0,0.0,1,0.0,0.0
1985-03-01,0,0.0,1,0.0,0.0
1985-04-01,0,0.0,1,0.0,0.0
1985-05-01,0,0.0,1,0.0,0.0
1985-06-01,0,0.0,1,0.0,0.0
1985-07-01,0,0.0,1,0.0,0.0
1985-08-01,0,0.0,1,0.0,0.0
1985-09-01,0,0.0,1,0.0,0.0
1985-10-01,0,0.0,1,0.0,0.0
1985-11-01,0,0.0,1,0.0,0.0
1985-12-01,0,0.0,1,0.0,0.0
1986-01-01,0,0.0,1,0.0,0.0
1986-02-01,0,0.0,1,0.0,0.0
1986-03-01,0,0.0,1,0.0,0.0
1986-04-01,0,0.0,1,0.0,0.0
1986-05-01,0,0.0,1,0.0,0.0
1986-06-01,0,0.0,1,0.0,0.0
1986-07-01,0,0.0,1,0.0,0.0
1986-08-01,0,0.0,1,0.0,0.0
1986-09-01,0,0.0,1,0.0,0.0
1986-10-01,0,0.0,1,0.0,0.0
1986-11-01,1,0.0,2,0.16666666666666666,0.08333333333333333
1986-12-01,0,0.0,2,0.16666666666666666,0.08333333333333333
1987-01-01,0,0.0,2,0.16666666666666666,0.08333333333333333
1987-02-01,0,0.0,2,0.16666666666666666,0.08333333333333333
1987-03-01,1,61433.0,3,0.3333333333333333,0.16666666666666666
1987-04-01,0,0.0,3,0.3333333333333333,0.16666666666666666
1987-05-01,0,0.0,3,0.16666666666666666,0.16666666666666666
1987-06-01,0,0.0,3,0.16666666666666666,0.16666666666666666
1987-07-01,0,0.0,3,0.16666666666666666,0.16666666666666666
1987-08-01,0,0.0,3,0.16666666666666666,0.16666666666666666
1987-09-01,0,0.0,3,0.0,0.16666666666666666
1987-10-01,0,0.0,3,0.0,0.16666666666666666
1987-11-01,0,0.0,3,0.0,0.08333333333333333
1987-12-01,0,0.0,3,0.0,0.08333333333333333
1988-01-01,0,0.0,3,0.0,0.08333333333333333
1988-02-01,0,0.0,3,0.0,0.08333333333333333
1988-03-01,1,13.0,4,0.16666666666666666,0.08333333333333333
1988-04-01,0,0.0,4,0.16666666666666666,0.08333333333333333
1988-05-01,0,0.0,4,0.16666666666666666,0.08333333333333333
1988-06-01,0,0.0,4,0.16666666666666666,0.08333333333333333
1988-07-01,0,0.0,4,0.16666666666666666,0.08333333333333333
1988-08-01,0,0.0,4,0.16666666666666666,0.08333333333333333
1988-09-01,0,0.0,4,0.0,0.08333333333333333
1988-10-01,0,0.0,4,0.0,0.08333333333333333
1988-11-01,0,0.0,4,0.0,0.08333333333333333
1988-12-01,0,0.0,4,0.0,0.08333333333333333
1989-01-01,0,0.0,4,0.0,0.08333333333333333
1989-02-01,0,0.0,4,0.0,0.08333333333333333
1989-03-01,0,0.0,4,0.0,0.0
1989-04-01,0,0.0,4,0.0,0.0
1989-05-01,0,0.0,4,0.0,0.0
1989-06-01,0,0.0,4,0.0,0.0
1989-07-01,0,0.0,4,0.0,0.0
1989-08-01,0,0.0,4,0.0,0.0
1989-09-01,0,0.0,4,0.0,0.0
1989-10-01,0,0.0,4,0.0,0.0
1989-11-01,0,0.0,4,0.0,0.0
1989-12-01,0,0.0,4,0.0,0.0
1990-01-01,0,0.0,4,0.0,0.0
1990-02-01,0,0.0,4,0.0,0.0
1990-03-01,0,0.0,4,0.0,0.0
1990-04-01,0,0.0,4,0.0,0.0
1990-05-01,0,0.0,4,0.0,0.0
1990-06-01,0,0.0,4,0.0,0.0
1990-07-01,0,0.0,4,0.0,0.0
1990-08-01,0,0.0,4,0.0,0.0
1990-09-01,0,0.0,4,0.0,0.0
1990-10-01,0,0.0,4,0.0,0.0
1990-11-01,0,0.0,4,0.0,0.0
1990-12-01,1,434.0,5,0.16666666666666666,0.08333333333333333
1991-01-01,0,0.0,5,0.16666666666666666,0.08333333333333333
1991-02-01,0,0.0,5,0.16666666666666666,0.08333333333333333
1991-03-01,0,0.0,5,0.16666666666666666,0.08333333333333333
1991-04-01,0,0.0,5,0.16666666666666666,0.08333333333333333
1991-05-01,0,0.0,5,0.16666666666666666,0.08333333333333333
1991-06-01,0,0.0,5,0.0,0.08333333333333333
1991-07-01,0,0.0,5,0.0,0.08333333333333333
1991-08-01,0,0.0,5,0.0,0.08333333333333333
1991-09-01,0,0.0,5,0.0,0.08333333333333333
1991-10-01,0,0.0,5,0.0,0.08333333333333333
1991-11-01,0,0.0,5,0.0,0.08333333333333333
1991-12-01,0,0.0,5,0.0,0.0
1992-01-01,0,0.0,5,0.0,0.0
1992-02-01,1,359.0,6,0.16666666666666666,0.08333333333333333
1992-03-01,0,0.0,6,0.16666666666666666,0.08333333333333333
1992-04-01,0,0.0,6,0.16666666666666666,0.08333333333333333
1992-05-01,0,0.0,6,0.16666666666666666,0.08333333333333333
1992-06-01,0,0.0,6,0.16666666666666666,0.08333333333333333
1992-07-01,1,0.0,7,0.3333333333333333,0.16666666666666666
1992-08-01,0,0.0,7,0.16666666666666666,0.16666666666666666
1992-09-01,0,0.0,7,0.16666666666666666,0.16666666666666666
1992-10-01,1,0.0,8,0.3333333333333333,0.25
1992-11-01,0,0.0,8,0.3333333333333333,0.25
1992-12-01,0,0.0,8,0.3333333333333333,0.25
1993-01-01,0,0.0,8,0.16666666666666666,0.25
1993-02-01,1,25.0,9,0.3333333333333333,0.25
1993-03-01,0,0.0,9,0.3333333333333333,0.25
1993-04-01,0,0.0,9,0.16666666666666666,0.25
1993-05-01,0,0.0,9,0.16666666666666666,0.25
1993-06-01,0,0.0,9,0.16666666666666666,0.25
1993-07-01,0,0.0,9,0.16666666666666666,0.16666666666666666
1993-08-01,0,0.0,9,0.0,0.16666666666666666
1993-09-01,0,0.0,9,0.0,0.16666666666666666
1993-10-01,0,0.0,9,0.0,0.08333333333333333
1993-11-01,1,2136.0,10,0.16666666666666666,0.16666666666666666
1993-12-01,0,0.0,10,0.16666666666666666,0.16666666666666666
1994-01-01,0,0.0,10,0.16666666666666666,0.16666666666666666
1994-02-01,0,0.0,10,0.16666666666666666,0.08333333333333333
1994-03-01,0,0.0,10,0.16666666666666666,0.08333333333333333
1994-04-01,0,0.0,10,0.16666666666666666,0.08333333333333333
1994-05-01,2,54.0,12,0.3333333333333333,0.25
1994-06-01,0,0.0,12,0.3333333333333333,0.25
1994-07-01,0,0.0,12,0.3333333333333333,0.25
1994-08-01,0,0.0,12,0.3333333333333333,0.25
1994-09-01,0,0.0,12,0.3333333333333333,0.25
1994-10-01,1,70.0,13,0.5,0.3333333333333333
1994-11-01,0,0.0,13,0.16666666666666666,0.25
1994-12-01,0,0.0,13,0.16666666666666666,0.25
1995-01-01,2,136.0,15,0.5,0.4166666666666667
1995-02-01,0,0.0,15,0.5,0.4166666666666667
1995-03-01,0,0.0,15,0.5,0.4166666666666667
1995-04-01,0,0.0,15,0.3333333333333333,0.4166666666666667
1995-05-01,1,50.0,16,0.5,0.3333333333333333
1995-06-01,0,0.0,16,0.5,0.3333333333333333
1995-07-01,0,0.0,16,0.16666666666666666,0.3333333333333333
1995-08-01,0,0.0,16,0.16666666666666666,0.3333333333333333
1995-09-01,0,0.0,16,0.16666666666666666,0.3333333333333333
1995-10-01,0,0.0,16,0.16666666666666666,0.25
1995-11-01,0,0.0,16,0.0,0.25
1995-12-01,0,0.0,16,0.0,0.25
1996-01-01,1,150.0,17,0.16666666666666666,0.16666666666666666
1996-02-01,1,25.0,18,0.3333333333333333,0.25
1996-03-01,0,0.0,18,0.3333333333333333,0.25
1996-04-01,1,30.0,19,0.5,0.3333333333333333
1996-05-01,0,0.0,19,0.5,0.25
1996-06-01,1,3.0,20,0.6666666666666666,0.3333333333333333
1996-07-01,2,65.0,22,0.8333333333333334,0.5
1996-08-01,0,0.0,22,0.6666666666666666,0.5
1996-09-01,0,0.0,22,0.6666666666666666,0.5
1996-10-01,1,35.0,23,0.6666666666666666,0.5833333333333334
1996-11-01,0,0.0,23,0.6666666666666666,0.5833333333333334
1996-12-01,0,0.0,23,0.5,0.5833333333333334
1997-01-01,0,0.0,23,0.16666666666666666,0.5
1997-02-01,0,0.0,23,0.16666666666666666,0.4166666666666667
1997-03-01,0,0.0,23,0.16666666666666666,0.4166666666666667
1997-04-01,3,503.0,26,0.5,0.5833333333333334
1997-05-01,2,173.0,28,0.8333333333333334,0.75
1997-06-01,0,0.0,28,0.8333333333333334,0.6666666666666666
1997-07-01,1,14641.0,29,1.0,0.5833333333333334
1997-08-01,1,0.0,30,1.1666666666666667,0.6666666666666666
1997-09-01,3,48949.0,33,1.6666666666666667,0.9166666666666666
1997-10-01,0,0.0,33,1.1666666666666667,0.8333333333333334
1997-11-01,2,4.0,35,1.1666666666666667,1.0
1997-12-01,0,0.0,35,1.1666666666666667,1.0
1998-01-01,0,0.0,35,1.0,1.0
1998-02-01,0,0.0,35,0.8333333333333334,1.0
1998-03-01,3,128.0,38,0.8333333333333334,1.25
1998-04-01,2,52.0,40,1.1666666666666667,1.1666666666666667
1998-05-01,0,0.0,40,0.8333333333333334,1.0
1998-06-01,1,0.0,41,1.0,1.0833333333333333
1998-07-01,0,0.0,41,1.0,1.0
1998-08-01,0,0.0,41,1.0,0.9166666666666666
1998-09-01,0,0.0,41,0.5,0.6666666666666666
1998-10-01,1,361.0,42,0.3333333333333333,0.75
1998-11-01,3,77.0,45,0.8333333333333334,0.8333333333333334
1998-12-01,0,0.0,45,0.6666666666666666,0.8333333333333334
1999-01-01,2,620.0,47,1.0,1.0
1999-02-01,2,15.0,49,1.3333333333333333,1.1666666666666667
1999-03-01,0,0.0,49,1.3333333333333333,0.9166666666666666
1999-04-01,1,560.0,50,1.3333333333333333,0.8333333333333334
1999-05-01,2,43.0,52,1.1666666666666667,1.0
1999-06-01,1,115.0,53,1.3333333333333333,1.0
1999-07-01,2,0.0,55,1.3333333333333333,1.1666666666666667
1999-08-01,1,0.0,56,1.1666666666666667,1.25
1999-09-01,3,26.0,59,1.6666666666666667,1.5
1999-10-01,5,281.0,64,2.3333333333333335,1.8333333333333333
1999-11-01,2,5.0,66,2.3333333333333335,1.75
1999-12-01,2,0.0,68,2.5,1.9166666666666667
2000-01-01,3,5940322.0,71,2.6666666666666665,2.0
2000-02-01,1,815.0,72,2.6666666666666665,1.9166666666666667
2000-03-01,1,34.0,73,2.3333333333333335,2.0
2000-04-01,0,0.0,73,1.5,1.9166666666666667
2000-05-01,2,59.0,75,1.5,1.9166666666666667
2000-06-01,3,163.0,78,1.6666666666666667,2.0833333333333335
2000-07-01,3,375.0,81,1.6666666666666667,2.1666666666666665
2000-08-01,3,63.0,84,2.0,2.3333333333333335
2000-09-01,0,0.0,84,1.8333333333333333,2.0833333333333335
2000-10-01,1,100.0,85,2.0,1.75
2000-11-01,3,82.0,88,2.1666666666666665,1.8333333333333333
2000-12-01,1,160.0,89,1.8333333333333333,1.75
2001-01-01,1,32.0,90,1.5,1.5833333333333333
2001-02-01,3,195.0,93,1.5,1.75
2001-03-01,3,97.0,96,2.0,1.9166666666666667
2001-04-01,1,30.0,97,2.0,2.0
2001-05-01,2,107.0,99,1.8333333333333333,2.0
2001-06-01,0,0.0,99,1.6666666666666667,1.75
2001-07-01,0,0.0,99,1.5,1.5
2001-08-01,2,65.0,101,1.3333333333333333,1.4166666666666667
2001-09-01,3,193.0,104,1.3333333333333333,1.6666666666666667
2001-10-01,1,19.0,105,1.3333333333333333,1.6666666666666667
2001-11-01,1,30.0,106,1.1666666666666667,1.5
2001-12-01,0,0.0,106,1.1666666666666667,1.4166666666666667
2002-01-01,3,106.0,109,1.6666666666666667,1.5833333333333333
2002-02-01,2,73.0,111,1.6666666666666667,1.5
2002-03-01,2,91.0,113,1.5,1.4166666666666667
2002-04-01,2,351.0,115,1.6666666666666667,1.5
2002-05-01,0,0.0,115,1.5,1.3333333333333333
2002-06-01,1,0.0,116,1.6666666666666667,1.4166666666666667
2002-07-01,0,0.0,116,1.1666666666666667,1.4166666666666667
2002-08-01,2,17.0,118,1.1666666666666667,1.4166666666666667
2002-09-01,1,30.0,119,1.0,1.25
2002-10-01,3,72.0,122,1.1666666666666667,1.4166666666666667
2002-11-01,0,0.0,122,1.1666666666666667,1.3333333333333333
2002-12-01,1,472.0,123,1.1666666666666667,1.4166666666666667
2003-01-01,2,65.0,125,1.5,1.3333333333333333
2003-02-01,2,48.0,127,1.5,1.3333333333333333
2003-03-01,1,5.0,128,1.5,1.25
2003-04-01,1,0.0,129,1.1666666666666667,1.1666666666666667
2003-05-01,0,0.0,129,1.1666666666666667,1.1666666666666667
2003-06-01,3,110.0,132,1.5,1.3333333333333333
2003-07-01,3,63.0,135,1.6666666666666667,1.5833333333333333
2003-08-01,2,133.0,137,1.6666666666666667,1.5833333333333333
2003-09-01,1,17.0,138,1.6666666666666667,1.5833333333333333
2003-10-01,2,84.0,140,1.8333333333333333,1.5
2003-11-01,1,90.0,141,2.0,1.5833333333333333
2003-12-01,1,45.0,142,1.6666666666666667,1.5833333333333333
2004-01-01,1,20.0,143,1.3333333333333333,1.5
2004-02-01,2,1270.0,145,1.3333333333333333,1.5
2004-03-01,2,5.0,147,1.5,1.5833333333333333
2004-04-01,3,3588.0,150,1.6666666666666667,1.75
2004-05-01,2,119.0,152,1.8333333333333333,1.9166666666666667
2004-06-01,4,169.0,156,2.3333333333333335,2.0
2004-07-01,3,231.0,159,2.6666666666666665,2.0
2004-08-01,3,67.0,162,2.8333333333333335,2.0833333333333335
2004-09-01,1,56.0,163,2.6666666666666665,2.0833333333333335
2004-10-01,4,267.0,167,2.8333333333333335,2.25
2004-11-01,2,85.0,169,2.8333333333333335,2.3333333333333335
2004-12-01,2,266.0,171,2.5,2.4166666666666665
2005-01-01,2,266.0,173,2.3333333333333335,2.5
2005-02-01,3,517.0,176,2.3333333333333335,2.5833333333333335
2005-03-01,2,36.0,178,2.5,2.5833333333333335
2005-04-01,3,636.0,181,2.3333333333333335,2.5833333333333335
2005-05-01,3,172.0,184,2.5,2.6666666666666665
2005-06-01,2,6325.0,186,2.5,2.5
2005-07-01,3,104.0,189,2.6666666666666665,2.5
2005-08-01,3,42.0,192,2.6666666666666665,2.5
2005-09-01,3,86.0,195,2.8333333333333335,2.6666666666666665
2005-10-01,3,100.0,198,2.8333333333333335,2.5833333333333335
2005-11-01,1,98.0,199,2.5,2.5
2005-12-01,2,39.0,201,2.5,2.5
2006-01-01,3,152.0,204,2.5,2.5833333333333335
2006-02-01,2,111.0,206,2.3333333333333335,2.5
2006-03-01,3,145.0,209,2.3333333333333335,2.5833333333333335
2006-04-01,2,160.0,211,2.1666666666666665,2.5
2006-05-01,4,3442.0,215,2.6666666666666665,2.5833333333333335
2006-06-01,6,448.0,221,3.3333333333333335,2.9166666666666665
2006-07-01,0,0.0,221,2.8333333333333335,2.6666666666666665
2006-08-01,0,0.0,221,2.5,2.4166666666666665
2006-09-01,1,54.0,222,2.1666666666666665,2.25
2006-10-01,1,35.0,223,2.0,2.0833333333333335
2006-11-01,2,200.0,225,1.6666666666666667,2.1666666666666665
2006-12-01,2,397.0,227,1.0,2.1666666666666665
2007-01-01,2,17.0,229,1.3333333333333333,2.0833333333333335
2007-02-01,3,366.0,232,1.8333333333333333,2.1666666666666665
2007-03-01,4,223.0,236,2.3333333333333335,2.25
2007-04-01,6,492.0,242,3.1666666666666665,2.5833333333333335
2007-05-01,4,137.0,246,3.5,2.5833333333333335
2007-06-01,4,107.0,250,3.8333333333333335,2.4166666666666665
2007-07-01,1,400.0,251,3.6666666666666665,2.5
2007-08-01,1,0.0,252,3.3333333333333335,2.5833333333333335
2007-09-01,2,492.0,254,3.0,2.6666666666666665
2007-10-01,4,139.0,258,2.6666666666666665,2.9166666666666665
2007-11-01,1,15.0,259,2.1666666666666665,2.8333333333333335
2007-12-01,1,10.0,260,1.6666666666666667,2.75
2008-01-01,4,542.0,264,2.1666666666666665,2.9166666666666665
2008-02-01,3,14411.0,267,2.5,2.9166666666666665
2008-03-01,4,805.0,271,2.8333333333333335,2.9166666666666665
2008-04-01,2,683.0,273,2.5,2.5833333333333335
2008-05-01,2,45.0,275,2.6666666666666665,2.4166666666666665
2008-06-01,4,357.0,279,3.1666666666666665,2.4166666666666665
2008-07-01,2,86.0,281,2.8333333333333335,2.5
2008-08-01,2,904.0,283,2.6666666666666665,2.5833333333333335
2008-09-01,3,399.0,286,2.5,2.6666666666666665
2008-10-01,6,688.0,292,3.1666666666666665,2.8333333333333335
2008-11-01,3,114.0,295,3.3333333333333335,3.0
2008-12-01,2,151.0,297,3.0,3.0833333333333335
2009-01-01,8,640.0,305,4.0,3.4166666666666665
2009-02-01,2,202.0,307,4.0,3.3333333333333335
2009-03-01,4,754.0,311,4.166666666666667,3.3333333333333335
2009-04-01,2,332.0,313,3.5,3.3333333333333335
2009-05-01,1,0.0,314,3.1666666666666665,3.25
2009-06-01,5,402.0,319,3.6666666666666665,3.3333333333333335
2009-07-01,2,15031.0,321,2.6666666666666665,3.3333333333333335
2009-08-01,3,73.0,324,2.8333333333333335,3.4166666666666665
2009-09-01,6,3391.0,330,3.1666666666666665,3.6666666666666665
2009-10-01,2,113.0,332,3.1666666666666665,3.3333333333333335
2009-11-01,3,812.0,335,3.5,3.3333333333333335
2009-12-01,0,0.0,335,2.6666666666666665,3.1666666666666665
2010-01-01,0,0.0,335,2.3333333333333335,2.5
2010-02-01,2,1027.0,337,2.1666666666666665,2.5
2010-03-01,4,433.0,341,1.8333333333333333,2.5
2010-04-01,2,6115.0,343,1.8333333333333333,2.5
2010-05-01,4,214.0,347,2.0,2.75
2010-06-01,3,172.0,350,2.5,2.5833333333333335
2010-07-01,2,20010.0,352,2.8333333333333335,2.5833333333333335
2010-08-01,3,147.0,355,3.0,2.5833333333333335
2010-09-01,4,171.0,359,3.0,2.4166666666666665
2010-10-01,3,100143.0,362,3.1666666666666665,2.5
2010-11-01,4,59.0,366,3.1666666666666665,2.5833333333333335
2010-12-01,4,316.0,370,3.3333333333333335,2.9166666666666665
2011-01-01,4,1017.0,374,3.6666666666666665,3.25
2011-02-01,5,1898.0,379,4.0,3.5
2011-03-01,2,10.0,381,3.6666666666666665,3.3333333333333335
2011-04-01,3,69.0,384,3.6666666666666665,3.4166666666666665
2011-05-01,2,54.0,386,3.3333333333333335,3.25
2011-06-01,3,244.0,389,3.1666666666666665,3.25
2011-07-01,4,119.0,393,3.1666666666666665,3.4166666666666665
2011-08-01,2,106.0,395,2.6666666666666665,3.3333333333333335
2011-09-01,4,315.0,399,3.0,3.3333333333333335
2011-10-01,4,299.0,403,3.1666666666666665,3.4166666666666665
2011-11-01,2,3527.0,405,3.1666666666666665,3.25
2011-12-01,3,164.0,408,3.1666666666666665,3.1666666666666665
2012-01-01,4,851.0,412,3.1666666666666665,3.1666666666666665
2012-02-01,4,1499.0,416,3.5,3.0833333333333335
2012-03-01,3,25.0,419,3.3333333333333335,3.1666666666666665
2012-04-01,1,34.0,420,2.8333333333333335,3.0
2012-05-01,3,48.0,423,3.0,3.0833333333333335
2012-06-01,3,297.0,426,3.0,3.0833333333333335
2012-07-01,2,83.0,428,2.6666666666666665,2.9166666666666665
2012-08-01,2,3145.0,430,2.3333333333333335,2.9166666666666665
2012-09-01,2,56.0,432,2.1666666666666665,2.75
2012-10-01,2,621.0,434,2.3333333333333335,2.5833333333333335
2012-11-01,3,117.0,437,2.3333333333333335,2.6666666666666665
2012-12-01,2,20.0,439,2.1666666666666665,2.5833333333333335
2013-01-01,3,236.0,442,2.3333333333333335,2.5
2013-02-01,2,103.0,444,2.3333333333333335,2.3333333333333335
2013-03-01,6,944.0,450,3.0,2.5833333333333335
2013-04-01,5,324.0,455,3.5,2.9166666666666665
2013-05-01,0,0.0,455,3.0,2.6666666666666665
2013-06-01,5,291.0,460,3.5,2.8333333333333335
2013-07-01,5,17873.0,465,3.8333333333333335,3.0833333333333335
2013-08-01,3,240.0,468,4.0,3.1666666666666665
2013-09-01,3,71.0,471,3.5,3.25
2013-10-01,5,3939.0,476,3.5,3.5
2013-11-01,5,247.0,481,4.333333333333333,3.6666666666666665
2013-12-01,3,177.0,484,4.0,3.75
2014-01-01,1,0.0,485,3.3333333333333335,3.5833333333333335
2014-02-01,1,24.0,486,3.0,3.5
2014-03-01,3,48.0,489,3.0,3.25
2014-04-01,7,646.0,496,3.3333333333333335,3.4166666666666665
2014-05-01,2,1011.0,498,2.8333333333333335,3.5833333333333335
2014-06-01,1,5000.0,499,2.5,3.25
2014-07-01,4,188.0,503,3.0,3.1666666666666665
2014-08-01,1,200.0,504,3.0,3.0
2014-09-01,2,132.0,506,2.8333333333333335,2.9166666666666665
2014-10-01,5,593.0,511,2.5,2.9166666666666665
2014-11-01,5,264.0,516,3.0,2.9166666666666665
2014-12-01,2,3.0,518,3.1666666666666665,2.8333333333333335
2015-01-01,3,301.0,521,3.0,3.0
2015-02-01,6,377.0,527,3.8333333333333335,3.4166666666666665
2015-03-01,3,536.0,530,4.0,3.4166666666666665
2015-04-01,1,174.0,531,3.3333333333333335,2.9166666666666665
2015-05-01,2,205.0,533,2.8333333333333335,2.9166666666666665
2015-06-01,1,1.0,534,2.6666666666666665,2.9166666666666665
2015-07-01,1,29.0,535,2.3333333333333335,2.6666666666666665
2015-08-01,1,6.0,536,1.5,2.6666666666666665
2015-09-01,5,547.0,541,1.8333333333333333,2.9166666666666665
2015-10-01,2,192.0,543,2.0,2.6666666666666665
2015-11-01,2,270.0,545,2.0,2.4166666666666665
2015-12-01,0,0.0,545,1.8333333333333333,2.25
2016-01-01,4,114.0,549,2.3333333333333335,2.3333333333333335
2016-02-01,6,45608.0,555,3.1666666666666665,2.3333333333333335
2016-03-01,3,808.0,558,2.8333333333333335,2.3333333333333335
2016-04-01,1,52.0,559,2.6666666666666665,2.3333333333333335
2016-05-01,2,10.0,561,2.6666666666666665,2.3333333333333335
2016-06-01,2,178.0,563,3.0,2.4166666666666665
2016-07-01,0,0.0,563,2.3333333333333335,2.3333333333333335
2016-08-01,2,31.0,565,1.6666666666666667,2.4166666666666665
2016-09-01,1,405.0,566,1.3333333333333333,2.0833333333333335
2016-10-01,3,53.0,569,1.6666666666666667,2.1666666666666665
2016-11-01,3,204.0,572,1.8333333333333333,2.25
2016-12-01,2,100.0,574,1.8333333333333333,2.4166666666666665
2017-01-01,6,2143.0,580,2.8333333333333335,2.5833333333333335
2017-02-01,3,110.0,583,3.0,2.3333333333333335
2017-03-01,1,88.0,584,3.0,2.1666666666666665
2017-04-01,2,1504.0,586,2.8333333333333335,2.25
2017-05-01,2,1150.0,588,2.6666666666666665,2.25
2017-06-01,2,354.0,590,2.6666666666666665,2.25
2017-07-01,2,302.0,592,2.0,2.4166666666666665
2017-08-01,2,20.0,594,1.8333333333333333,2.4166666666666665
2017-09-01,5,147.0,599,2.5,2.75
2017-10-01,2,779.0,601,2.5,2.6666666666666665
2017-11-01,2,83.0,603,2.5,2.5833333333333335
2017-12-01,0,0.0,603,2.1666666666666665,2.4166666666666665
2018-01-01,6,1779.0,609,2.8333333333333335,2.4166666666666665
2018-02-01,3,1049.0,612,3.0,2.4166666666666665
2018-03-01,4,1410.0,616,2.8333333333333335,2.6666666666666665
2018-04-01,1,0.0,617,2.6666666666666665,2.5833333333333335
2018-05-01,7,1108.0,624,3.5,3.0
2018-06-01,2,289.0,626,3.8333333333333335,3.0
2018-07-01,4,170.0,630,3.5,3.1666666666666665
2018-08-01,4,381.0,634,3.6666666666666665,3.3333333333333335
2018-09-01,2,302.0,636,3.3333333333333335,3.0833333333333335
2018-10-01,4,31177.0,640,3.8333333333333335,3.25
2018-11-01,1,42.0,641,2.8333333333333335,3.1666666666666665
2018-12-01,4,200398.0,645,3.1666666666666665,3.5
2019-01-01,2,978.0,647,2.8333333333333335,3.1666666666666665
2019-02-01,4,1065.0,651,2.8333333333333335,3.25
2019-03-01,3,1070.0,654,3.0,3.1666666666666665
2019-04-01,3,133.0,657,2.8333333333333335,3.3333333333333335
2019-05-01,3,389.0,660,3.1666666666666665,3.0
2019-06-01,4,742.0,664,3.1666666666666665,3.1666666666666665
2019-07-01,3,387.0,667,3.3333333333333335,3.0833333333333335
2019-08-01,4,267.0,671,3.3333333333333335,3.0833333333333335
2019-09-01,2,24.0,673,3.1666666666666665,3.0833333333333335
2019-10-01,5,387.0,678,3.5,3.1666666666666665
2019-11-01,3,691.0,681,3.5,3.3333333333333335
2019-12-01,3,2988.0,684,3.3333333333333335,3.25
2020-01-01,5,410.0,689,3.6666666666666665,3.5
2020-02-01,1,210.0,690,3.1666666666666665,3.25
2020-03-01,5,3059.0,695,3.6666666666666665,3.4166666666666665
2020-04-01,2,520.0,697,3.1666666666666665,3.3333333333333335
2020-05-01,1,0.0,698,2.8333333333333335,3.1666666666666665
2020-06-01,4,286.0,702,3.0,3.1666666666666665
2020-07-01,7,1220.0,709,3.3333333333333335,3.5
2020-08-01,2,27.0,711,3.5,3.3333333333333335
2020-09-01,3,94.0,714,3.1666666666666665,3.4166666666666665
2020-10-01,3,160.0,717,3.3333333333333335,3.25
2020-11-01,3,3527.0,720,3.6666666666666665,3.25
2020-12-01,3,7115.0,723,3.5,3.25
2021-01-01,6,1172.0,729,3.3333333333333335,3.3333333333333335
2021-02-01,2,188.0,731,3.3333333333333335,3.4166666666666665
2021-03-01,4,300.0,735,3.5,3.3333333333333335
2021-04-01,3,786.0,738,3.5,3.4166666666666665
2021-05-01,4,226.0,742,3.6666666666666665,3.6666666666666665
2021-06-01,3,408.0,745,3.6666666666666665,3.5833333333333335
2021-07-01,3,213.0,748,3.1666666666666665,3.25
2021-08-01,2,147.0,750,3.1666666666666665,3.25
2021-09-01,5,109129.0,755,3.3333333333333335,3.4166666666666665
2021-10-01,9,20931.0,764,4.333333333333333,3.9166666666666665
2021-11-01,3,394.0,767,4.166666666666667,3.9166666666666665
2021-12-01,4,3109.0,771,4.333333333333333,4.0
2022-01-01,2,78.0,773,4.166666666666667,3.6666666666666665
2022-02-01,3,382.0,776,4.333333333333333,3.75
2022-03-01,5,2222.0,781,4.333333333333333,3.8333333333333335
2022-04-01,7,569.0,788,4.0,4.166666666666667
2022-05-01,7,3127.0,795,4.666666666666667,4.416666666666667
2022-06-01,6,1836.0,801,5.0,4.666666666666667
2022-07-01,6,1090.0,807,5.666666666666667,4.916666666666667
2022-08-01,2,8.0,809,5.5,4.916666666666667
2022-09-01,5,6930.0,814,5.5,4.916666666666667
2022-10-01,5,186.0,819,5.166666666666667,4.583333333333333
2022-11-01,6,11075.0,825,5.0,4.833333333333333
2022-12-01,2,589.0,827,4.333333333333333,4.666666666666667
2023-01-01,6,2501.0,833,4.333333333333333,5.0
2023-02-01,2,107.0,835,4.333333333333333,4.916666666666667
2023-03-01,3,117.0,838,4.0,4.75
2023-04-01,0,0.0,838,3.1666666666666665,4.166666666666667
2023-05-01,4,818.0,842,2.8333333333333335,3.9166666666666665
2023-06-01,5,1556.0,847,3.3333333333333335,3.8333333333333335
2023-07-01,5,533.0,852,3.1666666666666665,3.75
2023-08-01,2,280.0,854,3.1666666666666665,3.75
2023-09-01,0,0.0,854,2.6666666666666665,3.3333333333333335
2023-10-01,9,2018.0,863,4.166666666666667,3.6666666666666665
2023-11-01,3,158.0,866,4.0,3.4166666666666665
2023-12-01,4,322.0,870,3.8333333333333335,3.5833333333333335
2024-01-01,5,6526.0,875,3.8333333333333335,3.5
2024-02-01,0,0.0,875,3.5,3.3333333333333335
2024-03-01,4,345.0,879,4.166666666666667,3.4166666666666665
2024-04-01,2,482.0,881,3.0,3.5833333333333335
2024-05-01,2,310.0,883,2.8333333333333335,3.4166666666666665
2024-06-01,4,280.0,887,2.8333333333333335,3.3333333333333335
2024-07-01,5,63951.0,892,2.8333333333333335,3.3333333333333335
2024-08-01,3,158.0,895,3.3333333333333335,3.4166666666666665
2024-09-01,2,191.0,897,3.0,3.5833333333333335
2024-10-01,3,80.0,900,3.1666666666666665,3.0833333333333335
2024-11-01,3,362.0,903,3.3333333333333335,3.0833333333333335
2024-12-01,7,636.0,910,3.8333333333333335,3.3333333333333335
2025-01-01,2,476.0,912,3.3333333333333335,3.0833333333333335
2025-02-01,6,277.0,918,3.8333333333333335,3.5833333333333335
2025-03-01,4,485.0,922,4.166666666666667,3.5833333333333335
2025-04-01,4,218.0,926,4.333333333333333,3.75
2025-05-01,7,528.0,933,5.0,4.166666666666667
2025-06-01,2,20.0,935,4.166666666666667,4.0
2025-07-01,3,692.0,938,4.333333333333333,3.8333333333333335
2025-08-01,3,274.0,941,3.8333333333333335,3.8333333333333335
2025-09-01,5,313.0,946,4.0,4.083333333333333
2025-10-01,3,297.0,949,3.8333333333333335,4.083333333333333
2025-11-01,4,167.0,953,3.3333333333333335,4.166666666666667
2025-12-01,6,1366.0,959,4.0,4.083333333333333
2026-01-01,8,100868.0,967,4.833333333333333,4.583333333333333
2026-02-01,5,346.0,972,5.166666666666667,4.5
2026-03-01,3,1583.0,975,4.833333333333333,4.416666666666667
